judul,deskripsi,langkah,sumber,kategori,jumlah_langkah,langkah_pertama,profil_dekomposisi,catatan_adhd
Review lecture notes,review material from a recent class,Open the notes for the target lecture|Scan the headings and mark the three most important topics|Review one topic at a time|Write down anything you still cannot explain|Test yourself with three questions,manual_curated,Academic,5,Open the notes for the target lecture,small_first_action,First action is concrete and low-friction; later steps expand only after initiation.
Prepare for exam,prepare for an upcoming exam,Check the exam scope and list the topics|Mark the topics you know least|Review one weak topic first|Do a short set of practice questions|Review mistakes and update the study list,manual_curated,Academic,5,Check the exam scope and list the topics,small_first_action,First action is concrete and low-friction; later steps expand only after initiation.
Study chapter,study one textbook chapter,Open the assigned chapter|Read the headings and learning objectives|Read one section at a time and note the key idea|Answer the review questions|Write a five-line summary,manual_curated,Academic,5,Open the assigned chapter,small_first_action,First action is concrete and low-friction; later steps expand only after initiation.
Make flashcards,create flashcards from study material,Open the material you want to study|Choose the key terms or concepts|Write one question and answer per card|Remove cards that are too vague or duplicate|Test the cards once,manual_curated,Academic,5,Open the material you want to study,small_first_action,First action is concrete and low-friction; later steps expand only after initiation.
Practice mathematics,practice a set of math problems,Open the assigned problem set|Choose the first easy problem|Solve the next few problems without checking the answer|Mark each problem you could not finish|Review the method for the marked problems,manual_curated,Academic,5,Open the assigned problem set,small_first_action,First action is concrete and low-friction; later steps expand only after initiation.
Practice programming,practice a programming exercise,Open the exercise and identify the required output|Write the smallest starting version of the program|Run it with one simple test case|Fix the first error you encounter|Add more test cases,manual_curated,Academic,5,Open the exercise and identify the required output,small_first_action,First action is concrete and low-friction; later steps expand only after initiation.
Debug assignment code,fix errors in an assignment program,Run the program and reproduce the error|Read the first error message carefully|Find the line or function related to it|Make one small change and run the test again|Repeat until the original error is resolved,manual_curated,Academic,5,Run the program and reproduce the error,small_first_action,First action is concrete and low-friction; later steps expand only after initiation.
Read research paper,read a research paper for a project,Open the paper and read the title and abstract|Read the conclusion to identify the main finding|Find the sections relevant to your question|Write three useful points in your notes|Save the citation information,manual_curated,Academic,5,Open the paper and read the title and abstract,small_first_action,First action is concrete and low-friction; later steps expand only after initiation.
Find research sources,find sources for an academic assignment,Write the exact question you need sources for|Search for papers using two or three focused keywords|Open the most relevant results|Check the abstract and publication details|Save the useful sources with their citations,manual_curated,Academic,5,Write the exact question you need sources for,small_first_action,First action is concrete and low-friction; later steps expand only after initiation.
Create bibliography,create a bibliography for an assignment,Collect the sources you actually used|Check the author title and publication details|Choose the required citation style|Format each source consistently|Check that every in-text citation has a matching entry,manual_curated,Academic,5,Collect the sources you actually used,small_first_action,First action is concrete and low-friction; later steps expand only after initiation.
Write literature review,write a literature review section,Define the research question for the section|Group sources by theme or finding|Write one sentence describing each group|Compare agreements and differences between sources|Draft the synthesis and add citations,manual_curated,Academic,5,Define the research question for the section,small_first_action,First action is concrete and low-friction; later steps expand only after initiation.
Choose thesis topic,choose a thesis topic,List three areas you are interested in|Write one possible problem for each area|Check whether sources and data are available|Compare the scope and feasibility|Choose one topic to discuss with your supervisor,manual_curated,Academic,5,List three areas you are interested in,small_first_action,First action is concrete and low-friction; later steps expand only after initiation.
Prepare supervisor meeting,prepare for a thesis supervisor meeting,Review the last feedback or meeting notes|List the work completed since then|Write the three questions you need answered|Prepare the document or evidence to discuss|Put the meeting materials in one place,manual_curated,Academic,5,Review the last feedback or meeting notes,small_first_action,First action is concrete and low-friction; later steps expand only after initiation.
Plan research project,plan an academic research project,Write the research question|List the main deliverables|Identify the data or sources required|Put the deliverables in a logical order|Assign target dates to the major stages,manual_curated,Academic,5,Write the research question,small_first_action,First action is concrete and low-friction; later steps expand only after initiation.
Write abstract,write an abstract for a paper,Write one sentence describing the problem|Write one sentence describing the method|Write one sentence describing the main result|Write one sentence stating the implication|Combine the sentences and remove unnecessary detail,manual_curated,Academic,5,Write one sentence describing the problem,small_first_action,First action is concrete and low-friction; later steps expand only after initiation.
Write introduction,write an academic introduction,Write the topic and context in one paragraph|State the problem or gap|Add the key evidence from relevant sources|State the research objective or question|Read the introduction for logical flow,manual_curated,Academic,5,Write the topic and context in one paragraph,small_first_action,First action is concrete and low-friction; later steps expand only after initiation.
Write discussion,write the discussion section of a paper,List the main findings|Compare each finding with relevant literature|Explain possible reasons for agreements or differences|State the practical or theoretical implications|Add limitations and a closing interpretation,manual_curated,Academic,5,List the main findings,small_first_action,First action is concrete and low-friction; later steps expand only after initiation.
Format assignment,format an assignment to match requirements,Open the assignment requirements|Check the required structure and file format|Apply headings and spacing consistently|Check references and page elements|Export or save the final version,manual_curated,Academic,5,Open the assignment requirements,small_first_action,First action is concrete and low-friction; later steps expand only after initiation.
Submit assignment,submit an assignment,Open the submission instructions|Check that the final file is the correct version|Confirm the required format and filename|Upload the file|Verify that the submission was recorded,manual_curated,Academic,5,Open the submission instructions,small_first_action,First action is concrete and low-friction; later steps expand only after initiation.
Catch up missed class,catch up after missing a class,Find the material for the missed session|Check the syllabus for what was covered|Read the main notes or slides|Ask a classmate about announcements or assignments|Write down the topics you still need to review,manual_curated,Academic,5,Find the material for the missed session,small_first_action,First action is concrete and low-friction; later steps expand only after initiation.
Organize study files,organize academic files,Open the folder containing the files|Create folders by course or semester|Move files into the correct folders|Rename unclear files consistently|Check that important files open correctly,manual_curated,Academic,5,Open the folder containing the files,small_first_action,First action is concrete and low-friction; later steps expand only after initiation.
Prepare group assignment,prepare your part of a group assignment,Read the group instructions|Confirm your assigned section|Check the format used by the group|Complete the smallest part of your section first|Send the completed section to the group,manual_curated,Academic,5,Read the group instructions,small_first_action,First action is concrete and low-friction; later steps expand only after initiation.
Rehearse presentation,rehearse an academic presentation,Open the final slide deck|Read through the slide order once|Practice explaining the first three slides aloud|Continue through the remaining slides|Note the two parts that need another rehearsal,manual_curated,Academic,5,Open the final slide deck,small_first_action,First action is concrete and low-friction; later steps expand only after initiation.
Create study plan,create a plan for an exam,List the exam topics|Mark the topics by confidence level|Choose the weakest topic for the first session|Assign the remaining topics to available study blocks|Leave one block for practice and review,manual_curated,Academic,5,List the exam topics,small_first_action,First action is concrete and low-friction; later steps expand only after initiation.
Review feedback,review feedback on academic work,Open the feedback and the submitted work together|Read all comments once without editing|Group comments by topic|Fix one group of comments at a time|Check the work against the feedback again,manual_curated,Academic,5,Open the feedback and the submitted work together,small_first_action,First action is concrete and low-friction; later steps expand only after initiation.
Plan weekly work,plan work for the coming week,List the work that must be completed|Mark deadlines and fixed meetings|Choose the three highest-impact items|Place work into realistic time blocks|Leave space for unexpected tasks,manual_curated,Work,5,List the work that must be completed,small_first_action,First action is concrete and low-friction; later steps expand only after initiation.
Prepare meeting,prepare for a work meeting,Read the meeting agenda|Write the points you need to discuss|Collect the one or two supporting documents|Write any decisions you need from the meeting|Open the meeting link or room details,manual_curated,Work,5,Read the meeting agenda,small_first_action,First action is concrete and low-friction; later steps expand only after initiation.
Write meeting notes,write notes from a meeting,Open the meeting agenda|Write the attendees and date|List the main decisions|List action items with owners and dates|Send or save the notes,manual_curated,Work,5,Open the meeting agenda,small_first_action,First action is concrete and low-friction; later steps expand only after initiation.
Follow up meeting,follow up after a meeting,Open the meeting notes|Identify the actions assigned to you|Complete the easiest action first|Send any required follow-up message|Update the related task or calendar item,manual_curated,Work,5,Open the meeting notes,small_first_action,First action is concrete and low-friction; later steps expand only after initiation.
Process inbox,process a work inbox,Open the inbox and scan the newest messages|Archive messages that need no action|Reply to messages that take less than two minutes|Turn longer requests into tasks|Flag anything waiting on another person,manual_curated,Work,5,Open the inbox and scan the newest messages,small_first_action,First action is concrete and low-friction; later steps expand only after initiation.
Write professional email,write an important work email,Write the purpose of the email in one sentence|Add the key context the recipient needs|State the requested action clearly|Add the deadline or next step if needed|Read once for tone and accuracy before sending,manual_curated,Work,5,Write the purpose of the email in one sentence,small_first_action,First action is concrete and low-friction; later steps expand only after initiation.
Create project plan,create a project plan,Write the project outcome|List the major deliverables|Break each deliverable into smaller tasks|Identify dependencies and owners|Add target dates,manual_curated,Work,5,Write the project outcome,small_first_action,First action is concrete and low-friction; later steps expand only after initiation.
Track project progress,update project progress,Open the current project plan|Mark completed tasks|Update tasks that changed|Identify the next blocked item|Write a short progress summary,manual_curated,Work,5,Open the current project plan,small_first_action,First action is concrete and low-friction; later steps expand only after initiation.
Prepare status report,prepare a weekly status report,Collect completed work from the week|List current work in progress|Record blockers or risks|Write the next planned actions|Send the report to the required recipient,manual_curated,Work,5,Collect completed work from the week,small_first_action,First action is concrete and low-friction; later steps expand only after initiation.
Review contract draft,review a contract draft for work,Open the current contract version|Read the document once for context|Mark unclear or inconsistent sections|Check the requested terms against the draft|List questions for the responsible person,manual_curated,Work,5,Open the current contract version,small_first_action,First action is concrete and low-friction; later steps expand only after initiation.
Create presentation,create a business presentation,Define the presentation goal|List the three to five points the audience needs|Create the slide outline|Add evidence or visuals to each key point|Review the story from beginning to end,manual_curated,Work,5,Define the presentation goal,small_first_action,First action is concrete and low-friction; later steps expand only after initiation.
Prepare interview,prepare for a job interview,Read the job description|List the main skills the role requires|Prepare examples from your experience|Write questions to ask the interviewer|Practice answering the most likely questions,manual_curated,Work,5,Read the job description,small_first_action,First action is concrete and low-friction; later steps expand only after initiation.
Update portfolio,update a professional portfolio,Open the current portfolio|List recent work worth adding|Choose the strongest examples|Update descriptions and results|Check links and presentation,manual_curated,Work,5,Open the current portfolio,small_first_action,First action is concrete and low-friction; later steps expand only after initiation.
Update resume,update a resume,Open the latest resume|Add recent experience or achievements|Remove outdated information|Tailor the summary and skills to the target role|Check formatting and spelling,manual_curated,Work,5,Open the latest resume,small_first_action,First action is concrete and low-friction; later steps expand only after initiation.
Apply for job,submit a job application,Read the job requirements|Check whether your resume matches the role|Adjust the resume where relevant|Complete the application form|Review all fields before submitting,manual_curated,Work,5,Read the job requirements,small_first_action,First action is concrete and low-friction; later steps expand only after initiation.
Prepare report,prepare a professional report,Define the report question|Collect the required data|Create a simple structure|Draft the findings section|Review the report against the original question,manual_curated,Work,5,Define the report question,small_first_action,First action is concrete and low-friction; later steps expand only after initiation.
Clean spreadsheet,clean a work spreadsheet,Make a copy of the original file|Check the columns and data types|Remove obvious duplicates|Handle missing or inconsistent values|Review a sample of the cleaned data,manual_curated,Work,5,Make a copy of the original file,small_first_action,First action is concrete and low-friction; later steps expand only after initiation.
Analyze spreadsheet,analyze a spreadsheet,Identify the question the data should answer|Check the relevant columns|Create a summary table|Look for the main pattern or change|Write the finding in plain language,manual_curated,Work,5,Identify the question the data should answer,small_first_action,First action is concrete and low-friction; later steps expand only after initiation.
Prepare workshop,prepare a work workshop,Define the workshop outcome|List the activities participants need to complete|Prepare the required materials|Put the activities in sequence|Check the timing from start to finish,manual_curated,Work,5,Define the workshop outcome,small_first_action,First action is concrete and low-friction; later steps expand only after initiation.
Delegate task,delegate a task to a teammate,Define the outcome you need|Write the key requirements|Choose the person responsible|Set the deadline and check-in point|Confirm that the assignment is understood,manual_curated,Work,5,Define the outcome you need,small_first_action,First action is concrete and low-friction; later steps expand only after initiation.
Review teammate work,review work from a teammate,Read the work once for overall understanding|Check it against the requirements|Mark the most important issues|Write specific comments or corrections|Send the review back with the next action,manual_curated,Work,5,Read the work once for overall understanding,small_first_action,First action is concrete and low-friction; later steps expand only after initiation.
Plan daily work,plan today's work,List today's unfinished tasks|Check fixed meetings and deadlines|Choose one priority task|Estimate the time for the remaining important tasks|Block the available time,manual_curated,Work,5,List today's unfinished tasks,small_first_action,First action is concrete and low-friction; later steps expand only after initiation.
Prepare client call,prepare for a client call,Review the client context|Read the latest communication|Write the three points to discuss|Prepare supporting information|Open the call details before the meeting,manual_curated,Work,5,Review the client context,small_first_action,First action is concrete and low-friction; later steps expand only after initiation.
Write proposal,write a client or business proposal,Define the client's problem|Write the proposed solution|List the main deliverables|Add timeline and pricing information if required|Review the proposal against the client's request,manual_curated,Work,5,Define the client's problem,small_first_action,First action is concrete and low-friction; later steps expand only after initiation.
Organize work files,organize project files,Open the project folder|Create folders for the main file types|Move files into the correct folders|Rename unclear files|Keep one clearly marked current version,manual_curated,Work,5,Open the project folder,small_first_action,First action is concrete and low-friction; later steps expand only after initiation.
Clean bedroom,clean a messy bedroom,Put dirty clothes in the laundry basket|Collect visible trash|Return loose items to their usual places|Clear one surface such as the desk|Sweep or vacuum the floor,manual_curated,Home,5,Put dirty clothes in the laundry basket,small_first_action,First action is concrete and low-friction; later steps expand only after initiation.
Clean desk,clean a messy desk,Remove items that do not belong on the desk|Throw away obvious trash|Put papers into one temporary pile|Wipe the desk surface|Return only frequently used items,manual_curated,Home,5,Remove items that do not belong on the desk,small_first_action,First action is concrete and low-friction; later steps expand only after initiation.
Do laundry,wash a pile of clothes,Collect the clothes into one place|Separate loads if needed|Put the first load in the machine|Start the wash cycle|Move the clothes to dry when finished,manual_curated,Home,5,Collect the clothes into one place,small_first_action,First action is concrete and low-friction; later steps expand only after initiation.
Fold laundry,fold clean laundry,Bring the clean laundry to one place|Separate clothes by person or type|Fold the first five items|Continue until the pile is finished|Put the folded clothes away,manual_curated,Home,5,Bring the clean laundry to one place,small_first_action,First action is concrete and low-friction; later steps expand only after initiation.
Wash dishes,wash dirty dishes,Collect dishes near the sink|Clear leftover food into the trash|Wash the easiest dishes first|Rinse and place them to dry|Wipe the sink area,manual_curated,Home,5,Collect dishes near the sink,small_first_action,First action is concrete and low-friction; later steps expand only after initiation.
Clean kitchen,clean the kitchen,Clear food and dishes from the main counter|Put dishes in the sink or dishwasher|Wipe the main surfaces|Clean the stovetop if needed|Take out the trash if it is full,manual_curated,Home,5,Clear food and dishes from the main counter,small_first_action,First action is concrete and low-friction; later steps expand only after initiation.
Clean bathroom,clean the bathroom,Remove items from the main surfaces|Clean the sink and mirror|Clean the toilet|Clean the shower or tub|Replace towels and return items,manual_curated,Home,5,Remove items from the main surfaces,small_first_action,First action is concrete and low-friction; later steps expand only after initiation.
Take out trash,take out household trash,Collect the full trash bags|Check the other bins|Tie the bags securely|Take them to the collection point|Put fresh liners in the bins,manual_curated,Home,5,Collect the full trash bags,small_first_action,First action is concrete and low-friction; later steps expand only after initiation.
Grocery shopping,buy weekly groceries,Check what food is already available|Write the items that need replacing|Group the list by store section|Shop using the list|Put cold items away first,manual_curated,Home,5,Check what food is already available,small_first_action,First action is concrete and low-friction; later steps expand only after initiation.
Meal prep,prepare meals for several days,Choose the meals for the next few days|Check the ingredients|Prepare the ingredients together|Cook the main components|Portion and store the meals,manual_curated,Home,5,Choose the meals for the next few days,small_first_action,First action is concrete and low-friction; later steps expand only after initiation.
Cook dinner,cook a simple dinner,Choose a meal and check the ingredients|Set out the tools and ingredients|Prepare the ingredients|Cook the meal in order|Clean the cooking area,manual_curated,Home,5,Choose a meal and check the ingredients,small_first_action,First action is concrete and low-friction; later steps expand only after initiation.
Plan meals,plan meals for the week,Check your schedule for the week|Choose simple meals for busy days|List the ingredients needed|Check what you already have|Create the shopping list,manual_curated,Home,5,Check your schedule for the week,small_first_action,First action is concrete and low-friction; later steps expand only after initiation.
Organize closet,organize a messy closet,Take out one small section|Group similar clothes together|Set aside items you no longer use|Put the items you keep back by category|Move the donation or discard pile out of the closet,manual_curated,Home,5,Take out one small section,small_first_action,First action is concrete and low-friction; later steps expand only after initiation.
Change bedsheets,change the bedsheets,Remove the used sheets|Put them in the laundry basket|Get clean sheets and pillowcases|Make the bed with the clean set|Put the used sheets into the laundry load,manual_curated,Home,5,Remove the used sheets,small_first_action,First action is concrete and low-friction; later steps expand only after initiation.
Water plants,water household plants,Check which plants have dry soil|Bring the watering container|Water the plants that need it|Empty excess water if needed|Return the watering tools,manual_curated,Home,5,Check which plants have dry soil,small_first_action,First action is concrete and low-friction; later steps expand only after initiation.
Clean fridge,clean the refrigerator,Remove one shelf or section at a time|Throw away clearly spoiled food|Wipe the empty section|Return food by category|Check the door shelves,manual_curated,Home,5,Remove one shelf or section at a time,small_first_action,First action is concrete and low-friction; later steps expand only after initiation.
Declutter room,declutter a room,Choose one small area|Create keep move and discard piles|Put away the keep items|Move items that belong elsewhere|Remove the discard pile,manual_curated,Home,5,Choose one small area,small_first_action,First action is concrete and low-friction; later steps expand only after initiation.
Organize documents,organize household documents,Collect the loose documents|Create categories such as bills and records|Sort the documents into categories|File the important documents|Shred or discard items that are safe to remove,manual_curated,Home,5,Collect the loose documents,small_first_action,First action is concrete and low-friction; later steps expand only after initiation.
Pack for trip,pack for a short trip,Check the destination and number of days|Write a short packing list|Collect clothes and toiletries|Pack essential items first|Check the list before closing the bag,manual_curated,Home,5,Check the destination and number of days,small_first_action,First action is concrete and low-friction; later steps expand only after initiation.
Unpack after trip,unpack after returning home,Put the luggage in one place|Remove dirty laundry|Put toiletries back|Return clean items to their normal places|Store the empty luggage,manual_curated,Home,5,Put the luggage in one place,small_first_action,First action is concrete and low-friction; later steps expand only after initiation.
Clean laptop files,clean up laptop files,Open the folders that contain the most clutter|Move files into clear folders|Rename files with unclear names|Delete confirmed duplicates or unnecessary files|Empty the recycle bin after checking,manual_curated,Home,5,Open the folders that contain the most clutter,small_first_action,First action is concrete and low-friction; later steps expand only after initiation.
Back up files,back up important files,List the folders that contain important files|Connect or open the backup location|Copy the most important files first|Check that the backup completed|Keep the backup location accessible,manual_curated,Home,5,List the folders that contain important files,small_first_action,First action is concrete and low-friction; later steps expand only after initiation.
Organize photos,organize digital photos,Choose one month or event to start|Delete obvious duplicates|Mark important photos|Move photos into a clear album structure|Back up the organized photos,manual_curated,Home,5,Choose one month or event to start,small_first_action,First action is concrete and low-friction; later steps expand only after initiation.
Pay bills,pay monthly bills,List the bills and due dates|Open the required payment service|Pay the bill with the nearest due date|Check the payment status|Save the receipt,manual_curated,Home,5,List the bills and due dates,small_first_action,First action is concrete and low-friction; later steps expand only after initiation.
Plan monthly budget,plan a monthly household budget,List expected income for the month|List fixed expenses|Estimate variable expenses|Set aside money for upcoming obligations|Compare the plan with the available balance,manual_curated,Home,5,List expected income for the month,small_first_action,First action is concrete and low-friction; later steps expand only after initiation.
Renew ID document,renew an identity document,Check the current expiry date|Look up the required documents|Collect the documents you already have|Complete the application or booking|Attend the service or submit the application,manual_curated,Errands,5,Check the current expiry date,small_first_action,First action is concrete and low-friction; later steps expand only after initiation.
Process administrative document,complete an administrative document request,Check the official requirements|Make a checklist of required documents|Prepare the available documents|Complete the missing requirements|Submit the request and save the receipt,manual_curated,Errands,5,Check the official requirements,small_first_action,First action is concrete and low-friction; later steps expand only after initiation.
Book appointment,book an appointment,Identify the service you need|Check the available dates and locations|Choose a suitable time|Enter the required information|Save the confirmation,manual_curated,Errands,5,Identify the service you need,small_first_action,First action is concrete and low-friction; later steps expand only after initiation.
Book travel ticket,book a travel ticket,Choose the travel date and destination|Compare suitable schedules and prices|Select the preferred option|Enter passenger information and pay|Save the booking confirmation,manual_curated,Errands,5,Choose the travel date and destination,small_first_action,First action is concrete and low-friction; later steps expand only after initiation.
Prepare travel documents,prepare documents for travel,Check the destination requirements|List the documents you need|Check expiry dates|Collect physical and digital copies|Store the documents in one accessible place,manual_curated,Errands,5,Check the destination requirements,small_first_action,First action is concrete and low-friction; later steps expand only after initiation.
Return online purchase,return an online purchase,Check the return policy|Find the order and return option|Prepare the item and required packaging|Submit the return request|Keep the return receipt or tracking number,manual_curated,Errands,5,Check the return policy,small_first_action,First action is concrete and low-friction; later steps expand only after initiation.
Pick up package,pick up a package,Check the delivery status|Confirm the pickup location and hours|Bring the required identification or code|Pick up the package|Check that the package is intact,manual_curated,Errands,5,Check the delivery status,small_first_action,First action is concrete and low-friction; later steps expand only after initiation.
Send package,send a package,Choose the box or packaging|Pack and protect the item|Write or print the delivery information|Take the package to the courier|Keep the tracking receipt,manual_curated,Errands,5,Choose the box or packaging,small_first_action,First action is concrete and low-friction; later steps expand only after initiation.
Go to bank,complete a bank errand,Check what service you need|Prepare identification and required documents|Check branch hours|Visit the branch or use the appropriate service|Save the transaction receipt,manual_curated,Errands,5,Check what service you need,small_first_action,First action is concrete and low-friction; later steps expand only after initiation.
Visit government office,handle an in-person government service,Check the service requirements|Prepare all required documents|Confirm location and service hours|Complete the required process|Keep the receipt or reference number,manual_curated,Errands,5,Check the service requirements,small_first_action,First action is concrete and low-friction; later steps expand only after initiation.
Schedule vehicle service,schedule vehicle maintenance,Check the vehicle's current mileage or issue|Find the required service|Choose a service location|Book a date and time|Save the appointment details,manual_curated,Errands,5,Check the vehicle's current mileage or issue,small_first_action,First action is concrete and low-friction; later steps expand only after initiation.
Prepare appointment,prepare for an important appointment,Check the appointment time and location|List what you need to bring|Prepare the documents or items|Write the questions you need answered|Set a reminder and travel buffer,manual_curated,Errands,5,Check the appointment time and location,small_first_action,First action is concrete and low-friction; later steps expand only after initiation.
Return library books,return borrowed library books,Check which books are due|Gather the books|Check for items left inside|Bring them to the return point|Keep the return confirmation if available,manual_curated,Errands,5,Check which books are due,small_first_action,First action is concrete and low-friction; later steps expand only after initiation.
Buy household supplies,buy household supplies,Check which supplies are running low|Write the shopping list|Group items by store section|Buy only the listed items|Put the supplies away at home,manual_curated,Errands,5,Check which supplies are running low,small_first_action,First action is concrete and low-friction; later steps expand only after initiation.
Renew subscription,renew a service subscription,Check the renewal date and price|Decide whether you still need the service|Review the payment method|Confirm the renewal|Save the receipt or confirmation,manual_curated,Errands,5,Check the renewal date and price,small_first_action,First action is concrete and low-friction; later steps expand only after initiation.
Cancel subscription,cancel an unwanted subscription,Find the active subscription|Check the cancellation terms|Open the account settings or service page|Complete the cancellation|Confirm that the renewal is disabled,manual_curated,Errands,5,Find the active subscription,small_first_action,First action is concrete and low-friction; later steps expand only after initiation.
Register for class,register for a class or course,Check the course requirements|Choose the class and schedule|Complete the registration form|Submit payment or approval if required|Save the registration confirmation,manual_curated,Errands,5,Check the course requirements,small_first_action,First action is concrete and low-friction; later steps expand only after initiation.
Register for event,register for an event,Check the event date and location|Review the registration requirements|Complete the registration form|Pay if required|Save the confirmation,manual_curated,Errands,5,Check the event date and location,small_first_action,First action is concrete and low-friction; later steps expand only after initiation.
Prepare documents for application,prepare documents for an application,Read the application checklist|Create a list of required documents|Collect documents already available|Request or create missing documents|Put all final documents into one folder,manual_curated,Errands,5,Read the application checklist,small_first_action,First action is concrete and low-friction; later steps expand only after initiation.
Scan documents,scan paper documents,Collect the documents to scan|Open the scanning app or scanner|Scan one document at a time|Check that each scan is readable|Name and save the files,manual_curated,Errands,5,Collect the documents to scan,small_first_action,First action is concrete and low-friction; later steps expand only after initiation.
Print documents,print documents for an appointment,Open the final document|Check the page count and formatting|Choose the correct printer settings|Print one copy first|Check the printed result before printing the rest,manual_curated,Errands,5,Open the final document,small_first_action,First action is concrete and low-friction; later steps expand only after initiation.
Prepare payment,prepare a payment for a deadline,Check the amount and due date|Confirm the payment method|Open the payment service|Complete the payment|Save the confirmation,manual_curated,Errands,5,Check the amount and due date,small_first_action,First action is concrete and low-friction; later steps expand only after initiation.
Check delivery,check a delivery status,Find the order confirmation|Open the tracking information|Check the latest status|Note the expected delivery date|Set a reminder if action is required,manual_curated,Errands,5,Find the order confirmation,small_first_action,First action is concrete and low-friction; later steps expand only after initiation.
Plan route,plan a route for an errand,List the places you need to visit|Check their opening hours|Group nearby stops together|Choose the order of visits|Save the route or addresses,manual_curated,Errands,5,List the places you need to visit,small_first_action,First action is concrete and low-friction; later steps expand only after initiation.
Prepare for move,prepare for moving house,List the areas that need packing|Choose one small area to start|Pack and label one box|Set aside items that will not move|Continue room by room,manual_curated,Errands,5,List the areas that need packing,small_first_action,First action is concrete and low-friction; later steps expand only after initiation.
Plan tomorrow,plan tomorrow's day,Check tomorrow's fixed commitments|List unfinished tasks that matter tomorrow|Choose the top one or two priorities|Estimate the time needed|Leave space between commitments,manual_curated,Personal,5,Check tomorrow's fixed commitments,small_first_action,First action is concrete and low-friction; later steps expand only after initiation.
Plan week,plan the coming week,List important commitments and deadlines|Add recurring responsibilities|Choose the most important outcomes|Place tasks into available blocks|Review whether the workload fits,manual_curated,Personal,5,List important commitments and deadlines,small_first_action,First action is concrete and low-friction; later steps expand only after initiation.
Set monthly goals,set realistic goals for the month,List what you want to improve|Choose up to three important outcomes|Define what completion looks like|Break each outcome into a first action|Put the first actions on the calendar,manual_curated,Personal,5,List what you want to improve,small_first_action,First action is concrete and low-friction; later steps expand only after initiation.
Journal,write a short journal entry,Open your journal|Write one sentence about how you feel|Write what took most of your attention today|Write one thing you want to remember|Close the entry without trying to make it perfect,manual_curated,Personal,5,Open your journal,small_first_action,First action is concrete and low-friction; later steps expand only after initiation.
Reflect on week,reflect on the past week,List what you completed|List what remained unfinished|Write what helped you make progress|Write what repeatedly got in the way|Choose one adjustment for next week,manual_curated,Personal,5,List what you completed,small_first_action,First action is concrete and low-friction; later steps expand only after initiation.
Plan personal project,plan a personal project,Write the result you want|List the major pieces of work|Choose the smallest useful starting action|Put the actions in a rough order|Set a realistic first deadline,manual_curated,Personal,5,Write the result you want,small_first_action,First action is concrete and low-friction; later steps expand only after initiation.
Start a habit,set up a new habit,Choose one behavior to practice|Define when and where it will happen|Make the first version very small|Choose a simple way to record it|Plan what you will do if you miss a day,manual_curated,Personal,5,Choose one behavior to practice,small_first_action,First action is concrete and low-friction; later steps expand only after initiation.
Read a book,read a book consistently,Choose the book and a short reading target|Put the book where you will see it|Read the first few pages|Mark the place when you stop|Schedule the next reading session,manual_curated,Personal,5,Choose the book and a short reading target,small_first_action,First action is concrete and low-friction; later steps expand only after initiation.
Learn a skill,start learning a new skill,Define the specific skill you want|Choose one beginner resource|Spend ten minutes on the first lesson|Practice one small example|Write down what to practice next,manual_curated,Personal,5,Define the specific skill you want,small_first_action,First action is concrete and low-friction; later steps expand only after initiation.
Practice language,practice a language,Choose one small topic|Review a short set of vocabulary|Listen to or read a short example|Say or write five sentences|Mark words you need to review,manual_curated,Personal,5,Choose one small topic,small_first_action,First action is concrete and low-friction; later steps expand only after initiation.
Plan exercise week,plan exercise for the week,Check your available time|Choose realistic exercise sessions|Decide what each session will focus on|Put the sessions into your schedule|Prepare the first session's equipment,manual_curated,Personal,5,Check your available time,small_first_action,First action is concrete and low-friction; later steps expand only after initiation.
Prepare for sleep,prepare for bedtime,Finish the most urgent small task|Put away items you will need tomorrow|Set the alarm|Reduce distracting activities|Get into bed at the planned time,manual_curated,Personal,5,Finish the most urgent small task,small_first_action,First action is concrete and low-friction; later steps expand only after initiation.
Plan morning,prepare a simple morning routine,List the actions you need before leaving|Put the essential items together|Choose the order of actions|Set one reminder if needed|Prepare the first action tonight,manual_curated,Personal,5,List the actions you need before leaving,small_first_action,First action is concrete and low-friction; later steps expand only after initiation.
Declutter phone,reduce clutter on your phone,Choose one category such as unused apps|Remove obvious items you no longer need|Move important apps into clear folders|Turn off unnecessary notifications|Stop after the chosen category is finished,manual_curated,Personal,5,Choose one category such as unused apps,small_first_action,First action is concrete and low-friction; later steps expand only after initiation.
Organize bookmarks,organize browser bookmarks,Open the bookmark list|Delete obvious duplicates or dead links|Create a few broad folders|Move important bookmarks into folders|Leave uncertain items in one review folder,manual_curated,Personal,5,Open the bookmark list,small_first_action,First action is concrete and low-friction; later steps expand only after initiation.
Clean email,clean an old personal inbox,Search for obvious newsletters or promotions|Unsubscribe from unwanted recurring messages|Archive old messages that need no action|Delete obvious clutter|Create a simple folder or label for important mail,manual_curated,Personal,5,Search for obvious newsletters or promotions,small_first_action,First action is concrete and low-friction; later steps expand only after initiation.
Plan finances,review personal finances,Check the current account balances|List bills and upcoming payments|Review recent spending categories|Identify one issue that needs attention|Write the next financial action,manual_curated,Personal,5,Check the current account balances,small_first_action,First action is concrete and low-friction; later steps expand only after initiation.
Prepare weekly meals,prepare meals for the week,Check your schedule for busy days|Choose a few simple meals|Check ingredients already available|Make the shopping list|Prepare one easy component in advance,manual_curated,Personal,5,Check your schedule for busy days,small_first_action,First action is concrete and low-friction; later steps expand only after initiation.
Plan weekend,plan a realistic weekend,List fixed commitments|Choose one important personal task|Choose one enjoyable activity|Leave unplanned time|Check the plan for unnecessary pressure,manual_curated,Personal,5,List fixed commitments,small_first_action,First action is concrete and low-friction; later steps expand only after initiation.
Organize notes,organize personal notes,Choose one note collection to clean|Delete obvious duplicates|Group notes by topic|Rename unclear notes|Move important notes to an easy-to-find location,manual_curated,Personal,5,Choose one note collection to clean,small_first_action,First action is concrete and low-friction; later steps expand only after initiation.
Set up workspace,set up a productive workspace,Remove obvious clutter from the work area|Put the items needed for today's work nearby|Move distractions out of reach|Prepare water or other essentials|Open only the materials needed for the first task,manual_curated,Personal,5,Remove obvious clutter from the work area,small_first_action,First action is concrete and low-friction; later steps expand only after initiation.
Prepare clothes,prepare clothes for tomorrow,Check tomorrow's schedule or weather|Choose the main outfit|Set out the clothes|Prepare shoes and required accessories|Put everything in one visible place,manual_curated,Personal,5,Check tomorrow's schedule or weather,small_first_action,First action is concrete and low-friction; later steps expand only after initiation.
Pack bag,pack a daily bag,Check tomorrow's schedule|List the items required|Put the essential items in the bag|Add any special item needed tomorrow|Place the bag near the exit,manual_curated,Personal,5,Check tomorrow's schedule,small_first_action,First action is concrete and low-friction; later steps expand only after initiation.
Make a decision,work through a small personal decision,Write the decision in one sentence|List the two or three realistic options|Write the most important factor|Choose the option that best fits that factor|Write the next concrete action,manual_curated,Personal,5,Write the decision in one sentence,small_first_action,First action is concrete and low-friction; later steps expand only after initiation.
Organize desktop,clean a cluttered computer desktop,Create a temporary folder for unsorted files|Move visible files into that folder|Delete files you know are unnecessary|Rename important files clearly|Sort the temporary folder later,manual_curated,Digital,5,Create a temporary folder for unsorted files,small_first_action,First action is concrete and low-friction; later steps expand only after initiation.
Clean downloads,clean the downloads folder,Open the downloads folder|Delete files you no longer need|Move important files to the correct folders|Rename unclear files|Check the folder once more before finishing,manual_curated,Digital,5,Open the downloads folder,small_first_action,First action is concrete and low-friction; later steps expand only after initiation.
Organize cloud drive,organize a cloud storage folder,Open the folder with the most clutter|Create a few broad categories|Move files into the categories|Rename files that are hard to identify|Keep one clearly marked current version,manual_curated,Digital,5,Open the folder with the most clutter,small_first_action,First action is concrete and low-friction; later steps expand only after initiation.
Back up phone,back up important phone data,Check the current backup status|Connect to a reliable network|Start the available backup process|Wait for the backup to finish|Check the latest backup date,manual_curated,Digital,5,Check the current backup status,small_first_action,First action is concrete and low-friction; later steps expand only after initiation.
Clean phone storage,free up phone storage,Check which categories use the most storage|Remove obvious large files you no longer need|Review downloaded media|Delete unused apps|Check the storage again,manual_curated,Digital,5,Check which categories use the most storage,small_first_action,First action is concrete and low-friction; later steps expand only after initiation.
Organize contacts,clean up phone contacts,Open the contact list|Find obvious duplicates|Merge or remove duplicates|Update missing names or labels|Check the contact list for remaining duplicates,manual_curated,Digital,5,Open the contact list,small_first_action,First action is concrete and low-friction; later steps expand only after initiation.
Update apps,update phone or computer apps,Open the system or app update screen|Check which updates are available|Install the important updates|Wait for installation to finish|Restart if required,manual_curated,Digital,5,Open the system or app update screen,small_first_action,First action is concrete and low-friction; later steps expand only after initiation.
Update operating system,install a system update,Check the current system version|Back up important data if needed|Connect the device to power|Start the update|Check that the device works normally afterward,manual_curated,Digital,5,Check the current system version,small_first_action,First action is concrete and low-friction; later steps expand only after initiation.
Create folder structure,create a folder structure for a project,List the main types of files|Choose three to six broad folders|Create the folders|Move a few existing files as a test|Use the structure for new files,manual_curated,Digital,5,List the main types of files,small_first_action,First action is concrete and low-friction; later steps expand only after initiation.
Rename files,rename a batch of unclear files,Choose one folder to clean|Define a simple naming pattern|Rename the first few files|Check that the names are consistent|Continue through the folder,manual_curated,Digital,5,Choose one folder to clean,small_first_action,First action is concrete and low-friction; later steps expand only after initiation.
Remove duplicate files,remove duplicate digital files,Choose the folder to review|Identify obvious duplicate files|Compare files before deleting|Delete confirmed duplicates|Empty the recycle bin only after checking,manual_curated,Digital,5,Choose the folder to review,small_first_action,First action is concrete and low-friction; later steps expand only after initiation.
Create backup routine,set up a regular backup routine,Choose the files that must be backed up|Choose the backup location|Decide how often the backup should run|Run the first backup|Check that the backup can be accessed,manual_curated,Digital,5,Choose the files that must be backed up,small_first_action,First action is concrete and low-friction; later steps expand only after initiation.
Secure account,improve security for an online account,Open the account security settings|Check the recovery information|Use a strong unique password|Enable available multi-factor authentication|Review active sessions,manual_curated,Digital,5,Open the account security settings,small_first_action,First action is concrete and low-friction; later steps expand only after initiation.
Change password,change a password safely,Open the account security page|Choose the password change option|Create a strong unique password|Save it in your password manager|Check that login works with the new password,manual_curated,Digital,5,Open the account security page,small_first_action,First action is concrete and low-friction; later steps expand only after initiation.
Organize browser tabs,reduce browser tab clutter,Close tabs you clearly no longer need|Group related tabs|Bookmark pages you need later|Keep only the tabs needed for the current task|Close the remaining distractions,manual_curated,Digital,5,Close tabs you clearly no longer need,small_first_action,First action is concrete and low-friction; later steps expand only after initiation.
Create email filters,create useful email filters,Identify one recurring type of email|Define the rule condition|Choose the label or folder|Test the rule with a few messages|Adjust the rule if needed,manual_curated,Digital,5,Identify one recurring type of email,small_first_action,First action is concrete and low-friction; later steps expand only after initiation.
Set calendar reminders,set reminders for important events,Open the relevant calendar events|Identify which events need reminders|Choose a useful reminder time|Save the reminder|Check the upcoming reminder list,manual_curated,Digital,5,Open the relevant calendar events,small_first_action,First action is concrete and low-friction; later steps expand only after initiation.
Create template,create a reusable document template,Open a clean document|Add the recurring headings and sections|Add placeholders for variable information|Save it as a template|Test it with one example,manual_curated,Digital,5,Open a clean document,small_first_action,First action is concrete and low-friction; later steps expand only after initiation.
Create spreadsheet tracker,create a simple tracking spreadsheet,Define what needs to be tracked|Create columns for the key information|Add one example row|Add the remaining current items|Check that the sheet is easy to update,manual_curated,Digital,5,Define what needs to be tracked,small_first_action,First action is concrete and low-friction; later steps expand only after initiation.
Clean cloud storage,reduce clutter in cloud storage,Check which folders use the most space|Remove confirmed duplicates|Delete files that are no longer needed|Archive older files if appropriate|Check the storage total,manual_curated,Digital,5,Check which folders use the most space,small_first_action,First action is concrete and low-friction; later steps expand only after initiation.
Export data,export data from an application,Identify the data you need|Find the export option|Choose the required format|Export a small sample if possible|Open the exported file and verify it,manual_curated,Digital,5,Identify the data you need,small_first_action,First action is concrete and low-friction; later steps expand only after initiation.
Import data,import data into an application,Check the required import format|Prepare the source file|Clean obvious formatting problems|Import the file|Verify several records after import,manual_curated,Digital,5,Check the required import format,small_first_action,First action is concrete and low-friction; later steps expand only after initiation.
Create shared folder,create a shared project folder,Create the main folder|Add the necessary subfolders|Upload the current working files|Set access for the intended people|Send the folder link,manual_curated,Digital,5,Create the main folder,small_first_action,First action is concrete and low-friction; later steps expand only after initiation.
Manage notifications,reduce distracting notifications,Open notification settings|List the apps that interrupt you most|Turn off nonessential alerts|Keep alerts for important communication|Test the new notification setup,manual_curated,Digital,5,Open notification settings,small_first_action,First action is concrete and low-friction; later steps expand only after initiation.
Clean social media feed,reduce unwanted social media content,Identify the accounts that create the most distraction|Mute or unfollow unnecessary accounts|Turn off nonessential notifications|Keep only the feeds you actually use|Close the app when the cleanup is finished,manual_curated,Digital,5,Identify the accounts that create the most distraction,small_first_action,First action is concrete and low-friction; later steps expand only after initiation.
Reply to friend,reply to an important personal message,Open the message thread|Read the message once without switching apps|Write the shortest useful response|Check whether a question needs an answer|Send the message,manual_curated,Communication,5,Open the message thread,small_first_action,First action is concrete and low-friction; later steps expand only after initiation.
Make phone call,make an important phone call,Write the reason for the call|Find the phone number|Write two points you need to ask about|Make the call|Record any follow-up action,manual_curated,Communication,5,Write the reason for the call,small_first_action,First action is concrete and low-friction; later steps expand only after initiation.
Send reminder,send a reminder to someone,Identify what you are waiting for|Write the request in one sentence|Add the relevant deadline or context|Send the message|Set a follow-up reminder if needed,manual_curated,Communication,5,Identify what you are waiting for,small_first_action,First action is concrete and low-friction; later steps expand only after initiation.
Ask for help,ask someone for help with a task,Define exactly what you are stuck on|Identify the person who can help|Write what you have already tried|Ask one specific question|Send the request,manual_curated,Communication,5,Define exactly what you are stuck on,small_first_action,First action is concrete and low-friction; later steps expand only after initiation.
Give project update,send a project update,Write what was completed|Write what is currently in progress|List any blocker|State the next action|Send the update,manual_curated,Communication,5,Write what was completed,small_first_action,First action is concrete and low-friction; later steps expand only after initiation.
Write apology message,write a short apology,State what happened|Acknowledge the impact|Apologize directly|State what you will do differently|Send the message,manual_curated,Communication,5,State what happened,small_first_action,First action is concrete and low-friction; later steps expand only after initiation.
Schedule catch-up,schedule a catch-up conversation,Decide what you want to discuss|Suggest two possible times|Send the invitation|Confirm the selected time|Add it to the calendar,manual_curated,Communication,5,Decide what you want to discuss,small_first_action,First action is concrete and low-friction; later steps expand only after initiation.
Prepare difficult conversation,prepare for a difficult conversation,Write the issue in one sentence|Separate facts from assumptions|Write what outcome you want|Choose one or two points to communicate|Decide when and where to talk,manual_curated,Communication,5,Write the issue in one sentence,small_first_action,First action is concrete and low-friction; later steps expand only after initiation.
Send thank-you message,send a thank-you message,Identify what you are thanking them for|Write one specific detail|Add the appreciation clearly|Send the message|Stop without over-editing it,manual_curated,Communication,5,Identify what you are thanking them for,small_first_action,First action is concrete and low-friction; later steps expand only after initiation.
Decline invitation,decline an invitation politely,Decide whether you need to explain the reason|Write a brief thank-you|State that you cannot attend|Suggest an alternative only if you genuinely want one|Send the reply,manual_curated,Communication,5,Decide whether you need to explain the reason,small_first_action,First action is concrete and low-friction; later steps expand only after initiation.
Coordinate group task,coordinate a group task,Open the group conversation|State the shared goal|Confirm who is doing each part|Set the next check-in point|Record the agreed actions,manual_curated,Communication,5,Open the group conversation,small_first_action,First action is concrete and low-friction; later steps expand only after initiation.
Ask for clarification,ask for clarification on an instruction,Identify the exact part you do not understand|Check whether the answer is already in the instructions|Write one specific question|Send the question|Record the answer when you receive it,manual_curated,Communication,5,Identify the exact part you do not understand,small_first_action,First action is concrete and low-friction; later steps expand only after initiation.
Send document,send a document to someone,Open the final document|Check the filename and version|Attach or upload the document|Write a short context message|Send and verify the attachment,manual_curated,Communication,5,Open the final document,small_first_action,First action is concrete and low-friction; later steps expand only after initiation.
Collect responses,collect responses from a group,Write the information you need|Create a simple response format|Send the request|Track who has responded|Follow up with the remaining people,manual_curated,Communication,5,Write the information you need,small_first_action,First action is concrete and low-friction; later steps expand only after initiation.
Write announcement,write a group announcement,Write the purpose in one sentence|Add the date time or location if relevant|State what people need to do|Keep the message short|Send it to the correct group,manual_curated,Communication,5,Write the purpose in one sentence,small_first_action,First action is concrete and low-friction; later steps expand only after initiation.
Prepare presentation speech,prepare speaking notes,Read the slide titles|Write one main sentence for each slide|Add examples only where needed|Practice the first transition|Read through the full notes once,manual_curated,Communication,5,Read the slide titles,small_first_action,First action is concrete and low-friction; later steps expand only after initiation.
Give feedback,give constructive feedback,Identify the specific behavior or output|Describe its effect|State what could be improved|Give one practical suggestion|Deliver the feedback privately when appropriate,manual_curated,Communication,5,Identify the specific behavior or output,small_first_action,First action is concrete and low-friction; later steps expand only after initiation.
Request deadline extension,request more time for a task,Check the current deadline|Write what remains unfinished|Explain the practical reason briefly|Propose a realistic new date|Send the request early,manual_curated,Communication,5,Check the current deadline,small_first_action,First action is concrete and low-friction; later steps expand only after initiation.
Follow up application,follow up on an application,Find the original application details|Check the expected response time|Write a short follow-up message|Include the application reference if available|Send and record the date,manual_curated,Communication,5,Find the original application details,small_first_action,First action is concrete and low-friction; later steps expand only after initiation.
Respond to feedback,respond to feedback from someone,Read the feedback fully|Identify the points you agree with|Identify any point that needs clarification|Write what you will change|Send the response,manual_curated,Communication,5,Read the feedback fully,small_first_action,First action is concrete and low-friction; later steps expand only after initiation.
Take a short break,take a short recovery break,Stop the current task|Move away from the work surface|Drink some water or stretch|Take a few slow breaths|Choose whether to return or take a longer break,manual_curated,Self-care,5,Stop the current task,small_first_action,First action is concrete and low-friction; later steps expand only after initiation.
Reset after overwhelm,recover when a task feels overwhelming,Put the task aside for a moment|Write the task in one sentence|Choose the smallest useful action|Do that action for five minutes|Reassess before adding more work,manual_curated,Self-care,5,Put the task aside for a moment,small_first_action,First action is concrete and low-friction; later steps expand only after initiation.
Start morning routine,start a simple morning routine,Get out of bed|Drink water and get ready|Check today's first commitment|Prepare the first item you need|Start the first planned action,manual_curated,Self-care,5,Get out of bed,small_first_action,First action is concrete and low-friction; later steps expand only after initiation.
Prepare for class,prepare before class,Check the class time and location|Open the required material|Put the required items in your bag|Write one thing you want to learn|Leave enough time to arrive,manual_curated,Self-care,5,Check the class time and location,small_first_action,First action is concrete and low-friction; later steps expand only after initiation.
Prepare for workday,prepare before starting work,Check today's calendar|Choose the first important task|Open the required materials|Remove one obvious distraction|Start the first task,manual_curated,Self-care,5,Check today's calendar,small_first_action,First action is concrete and low-friction; later steps expand only after initiation.
Take a walk,take a short walk,Put on comfortable shoes|Choose a short route|Start walking|Keep a comfortable pace|Return and drink water,manual_curated,Self-care,5,Put on comfortable shoes,small_first_action,First action is concrete and low-friction; later steps expand only after initiation.
Stretch,do a short stretching session,Choose a comfortable space|Start with a gentle neck or shoulder movement|Stretch the upper body|Stretch the legs gently|Stop if a movement causes pain,manual_curated,Self-care,5,Choose a comfortable space,small_first_action,First action is concrete and low-friction; later steps expand only after initiation.
Prepare healthy snack,prepare a simple snack,Choose one available food|Take out the needed ingredients|Prepare the snack|Put the remaining food away|Clean the preparation area,manual_curated,Self-care,5,Choose one available food,small_first_action,First action is concrete and low-friction; later steps expand only after initiation.
Drink water,remember to hydrate,Get a glass or bottle|Fill it with water|Drink some now|Keep the bottle nearby|Refill it when needed,manual_curated,Self-care,5,Get a glass or bottle,small_first_action,First action is concrete and low-friction; later steps expand only after initiation.
Prepare workout,prepare for an exercise session,Choose the planned activity|Get the clothes and equipment ready|Drink some water|Start with a gentle warm-up|Begin the planned session,manual_curated,Self-care,5,Choose the planned activity,small_first_action,First action is concrete and low-friction; later steps expand only after initiation.
Wind down,wind down after a busy day,Finish or pause the last urgent task|Put away work materials|Dim or reduce distracting activities|Write down anything you need to remember tomorrow|Start your bedtime routine,manual_curated,Self-care,5,Finish or pause the last urgent task,small_first_action,First action is concrete and low-friction; later steps expand only after initiation.
Prepare for appointment,prepare for a personal appointment,Check the time and location|Write what you need to discuss|Collect documents or items|Set a reminder and travel buffer|Leave the materials ready,manual_curated,Self-care,5,Check the time and location,small_first_action,First action is concrete and low-friction; later steps expand only after initiation.
Create calm space,make the workspace less distracting,Remove visible clutter|Move unrelated devices out of reach|Keep only the current task materials nearby|Adjust the environment for comfort|Start with one small task,manual_curated,Self-care,5,Remove visible clutter,small_first_action,First action is concrete and low-friction; later steps expand only after initiation.
Start task after procrastination,start a task you have been avoiding,Open the exact file or tool needed|Write the first physical action|Work on that action for five minutes|Stop to check what the next action is|Continue only if it feels manageable,manual_curated,Self-care,5,Open the exact file or tool needed,small_first_action,First action is concrete and low-friction; later steps expand only after initiation.
Recover after missed day,restart after falling behind,Look at what is actually unfinished|Choose one task that matters most|Ignore the rest temporarily|Complete the smallest useful part|Plan the next small action,manual_curated,Self-care,5,Look at what is actually unfinished,small_first_action,First action is concrete and low-friction; later steps expand only after initiation.
Quiz,latihan soal sebelum quiz,Buka materi yang akan diujikan|Tandai rumus atau konsep penting|Kerjakan 5 soal latihan dari yang paling mudah|Periksa jawaban dengan kunci atau pembahasan|Ulangi soal yang masih salah,user_curated,Existing,5,Buka materi yang akan diujikan,small_first_action,Retained from the user's original dataset.
Ulangan harian,belajar untuk ulangan besok,Cek bab atau materi yang akan diuji|Baca ringkasan materi terlebih dahulu|Kerjakan 3 sampai 5 contoh soal|Catat konsep yang masih belum dipahami|Ulangi bagian yang masih lemah,user_curated,Existing,5,Cek bab atau materi yang akan diuji,small_first_action,Retained from the user's original dataset.
Latihan soal,mengerjakan soal latihan,Siapkan buku dan alat tulis|Kerjakan nomor 1 sampai 5|Periksa jawaban dan tandai yang salah|Pelajari kembali soal yang salah,user_curated,Existing,4,Siapkan buku dan alat tulis,small_first_action,Retained from the user's original dataset.
Tugas kuliah,mengerjakan tugas dari dosen,Baca instruksi dan ketentuan tugas|Tulis kerangka jawaban dalam beberapa poin|Kembangkan jawaban berdasarkan kerangka|Periksa isi dan format sebelum dikumpulkan,user_curated,Existing,4,Baca instruksi dan ketentuan tugas,small_first_action,Retained from the user's original dataset.
Laporan praktikum,membuat laporan hasil praktikum,Kumpulkan data dan hasil pengamatan|Tulis tujuan dan dasar teori|Masukkan tabel data dan perhitungan|Tulis pembahasan dan kesimpulan|Periksa format dan kelengkapan laporan,user_curated,Existing,5,Kumpulkan data dan hasil pengamatan,small_first_action,Retained from the user's original dataset.
Makalah,menulis makalah,Tentukan topik dan pertanyaan utama|Cari beberapa sumber referensi yang relevan|Buat outline per bagian|Tulis pendahuluan berdasarkan outline|Kembangkan pembahasan dan rapikan sitasi,user_curated,Existing,5,Tentukan topik dan pertanyaan utama,small_first_action,Retained from the user's original dataset.
Essay,menulis essay,Tentukan argumen atau gagasan utama|Tulis 2 sampai 3 poin pendukung|Kembangkan setiap poin menjadi paragraf|Tulis pembuka dan penutup|Baca ulang untuk memperbaiki alur,user_curated,Existing,5,Tentukan argumen atau gagasan utama,small_first_action,Retained from the user's original dataset.
Presentasi kelompok,menyiapkan presentasi bersama kelompok,Konfirmasi pembagian tugas dengan anggota kelompok|Tentukan struktur dan urutan slide|Kerjakan bagian slide yang menjadi tanggung jawab|Gabungkan hasil ke file presentasi bersama|Latihan presentasi dan catat bagian yang perlu diperbaiki,user_curated,Existing,5,Konfirmasi pembagian tugas dengan anggota kelompok,small_first_action,Retained from the user's original dataset.
Bikin slide presentasi,menyiapkan slide untuk presentasi,Tentukan tujuan dan isi utama presentasi|Buat outline isi setiap slide|Buat slide berdasarkan outline|Tambahkan data atau visual yang diperlukan|Periksa typo konsistensi dan alur presentasi,user_curated,Existing,5,Tentukan tujuan dan isi utama presentasi,small_first_action,Retained from the user's original dataset.
Proposal skripsi,menyusun proposal skripsi,Tentukan topik dan masalah yang ingin diteliti|Cari jurnal dan sumber pendukung yang relevan|Tulis latar belakang berdasarkan sumber|Rumuskan masalah dan tujuan penelitian|Periksa kesesuaian antarbagian proposal,user_curated,Existing,5,Tentukan topik dan masalah yang ingin diteliti,small_first_action,Retained from the user's original dataset.
Skripsi bab,mengerjakan satu bab skripsi,Buka dokumen dan baca bagian terakhir yang dikerjakan|Tentukan subbab yang akan dikerjakan|Buat kerangka poin untuk subbab tersebut|Kembangkan poin menjadi tulisan|Periksa sitasi dan format penulisan,user_curated,Existing,5,Buka dokumen dan baca bagian terakhir yang dikerjakan,small_first_action,Retained from the user's original dataset.
Revisi dari dosen,mengerjakan revisi dari dosen,Baca seluruh catatan revisi|Kelompokkan revisi berdasarkan bagian dokumen|Kerjakan revisi yang paling jelas terlebih dahulu|Tandai setiap revisi yang sudah selesai|Periksa kembali dokumen sebelum dikirim,user_curated,Existing,5,Baca seluruh catatan revisi,small_first_action,Retained from the user's original dataset.
Revisi dokumen,memperbaiki dokumen berdasarkan masukan,Baca seluruh komentar tanpa langsung mengedit|Kelompokkan komentar yang berkaitan|Perbaiki bagian yang paling mudah atau jelas|Terapkan perubahan pada bagian lainnya|Baca ulang dokumen setelah semua revisi,user_curated,Existing,5,Baca seluruh komentar tanpa langsung mengedit,small_first_action,Retained from the user's original dataset.
Baca jurnal,membaca jurnal untuk mencari referensi,Baca judul abstrak dan kesimpulan|Cari bagian yang relevan dengan topik|Baca bagian relevan secara lebih mendalam|Catat temuan atau kutipan penting|Simpan informasi sitasi jurnal,user_curated,Existing,5,Baca judul abstrak dan kesimpulan,small_first_action,Retained from the user's original dataset.
Baca materi kuliah,membaca materi sebelum kelas,Buka slide atau modul untuk pertemuan yang akan datang|Baca judul dan subjudul untuk memahami struktur|Baca materi dan tandai konsep penting|Catat istilah atau bagian yang belum dipahami|Tulis pertanyaan untuk dibahas di kelas,user_curated,Existing,5,Buka slide atau modul untuk pertemuan yang akan datang,small_first_action,Retained from the user's original dataset.
Rangkum materi,membuat rangkuman materi,Buka materi yang akan dirangkum|Buat kerangka berdasarkan subjudul|Tulis poin penting di setiap bagian|Gabungkan poin menjadi rangkuman singkat|Tandai bagian yang masih belum dipahami,user_curated,Existing,5,Buka materi yang akan dirangkum,small_first_action,Retained from the user's original dataset.
Kerja kelompok,mengerjakan bagian tugas kelompok,Cek pembagian tugas dan progres terakhir|Kerjakan bagian yang menjadi tanggung jawab|Periksa hasil agar sesuai dengan format kelompok|Kirim hasil ke anggota kelompok|Cek apakah ada revisi atau tindak lanjut,user_curated,Existing,5,Cek pembagian tugas dan progres terakhir,small_first_action,Retained from the user's original dataset.
Daftar ulang,mengurus daftar ulang semester,Cek jadwal dan persyaratan daftar ulang|Kumpulkan dokumen yang sudah tersedia|Lengkapi dokumen yang masih kurang|Isi atau unggah data pada portal yang digunakan|Simpan bukti pendaftaran,user_curated,Existing,5,Cek jadwal dan persyaratan daftar ulang,small_first_action,Retained from the user's original dataset.
Isi KRS,mengisi KRS semester baru,Cek mata kuliah wajib dan pilihan|Susun rencana mata kuliah dan jadwal|Periksa bentrok jadwal dan batas SKS|Masukkan mata kuliah ke portal akademik|Ajukan atau minta persetujuan dosen wali,user_curated,Existing,5,Cek mata kuliah wajib dan pilihan,small_first_action,Retained from the user's original dataset.
Laporan bulanan,membuat laporan rutin bulanan,Kumpulkan data selama periode laporan|Bersihkan dan susun data yang diperlukan|Buat tabel ringkasan|Buat grafik untuk data utama|Tulis temuan dan kesimpulan utama,user_curated,Existing,5,Kumpulkan data selama periode laporan,small_first_action,Retained from the user's original dataset.
Laporan mingguan,membuat laporan progres mingguan,Kumpulkan daftar pekerjaan minggu ini|Tandai pekerjaan yang sudah selesai|Tulis progres dan hasil utama|Catat kendala atau pekerjaan yang tertunda|Kirim laporan kepada pihak yang dituju,user_curated,Existing,5,Kumpulkan daftar pekerjaan minggu ini,small_first_action,Retained from the user's original dataset.
Rekap data,merekap data untuk laporan,Kumpulkan atau ekspor data dari sumbernya|Periksa data kosong dan duplikat|Bersihkan data yang bermasalah|Buat tabel ringkasan|Periksa kembali angka sebelum digunakan,user_curated,Existing,5,Kumpulkan atau ekspor data dari sumbernya,small_first_action,Retained from the user's original dataset.
Persiapan meeting,menyiapkan bahan untuk meeting,Baca undangan dan agenda meeting|Tentukan poin yang perlu disampaikan|Siapkan data atau dokumen pendukung|Siapkan pertanyaan atau keputusan yang diperlukan|Periksa waktu dan link atau ruangan meeting,user_curated,Existing,5,Baca undangan dan agenda meeting,small_first_action,Retained from the user's original dataset.
Balas email,menyelesaikan email yang belum dibalas,Buka inbox dan identifikasi email yang perlu ditindaklanjuti|Balas email yang dapat diselesaikan dengan cepat|Kerjakan email yang membutuhkan informasi tambahan|Tandai email yang membutuhkan tindak lanjut|Arsipkan email yang sudah selesai,user_curated,Existing,5,Buka inbox dan identifikasi email yang perlu ditindaklanjuti,small_first_action,Retained from the user's original dataset.
Balas chat kerjaan,menyelesaikan pesan kerja yang tertunda,Buka chat yang belum dibalas|Balas pesan yang dapat dijawab dengan singkat|Kerjakan pesan yang membutuhkan informasi atau keputusan|Catat pesan yang membutuhkan tindak lanjut|Tandai percakapan yang sudah selesai,user_curated,Existing,5,Buka chat yang belum dibalas,small_first_action,Retained from the user's original dataset.
Review dokumen,mereview dokumen dari orang lain,Baca dokumen sekali untuk memahami konteks|Baca ulang dan tandai bagian yang perlu diperiksa|Tulis komentar yang spesifik pada bagian terkait|Periksa kembali komentar agar jelas|Kirim hasil review,user_curated,Existing,5,Baca dokumen sekali untuk memahami konteks,small_first_action,Retained from the user's original dataset.
Bikin proposal,menyusun proposal,Tentukan masalah dan tujuan proposal|Tulis latar belakang dan kebutuhan|Tulis solusi atau rencana yang ditawarkan|Tambahkan anggaran atau timeline jika diperlukan|Rapikan format dan periksa kelengkapan,user_curated,Existing,5,Tentukan masalah dan tujuan proposal,small_first_action,Retained from the user's original dataset.
Bikin CV,memperbarui CV,Buka CV versi terakhir|Tambahkan pengalaman atau pencapaian terbaru|Hapus informasi yang sudah tidak relevan|Sesuaikan isi dengan posisi yang dituju|Periksa typo dan format,user_curated,Existing,5,Buka CV versi terakhir,small_first_action,Retained from the user's original dataset.
Beresin kamar,merapikan kamar yang berantakan,Kumpulkan pakaian kotor ke keranjang|Buang sampah dan barang yang tidak diperlukan|Kembalikan barang ke tempatnya|Rapikan meja atau permukaan yang berantakan|Sapu atau bersihkan lantai,user_curated,Existing,5,Kumpulkan pakaian kotor ke keranjang,small_first_action,Retained from the user's original dataset.
Cuci baju,mencuci pakaian yang menumpuk,Pisahkan pakaian berdasarkan warna atau jenis|Masukkan pakaian dan deterjen ke mesin cuci|Pilih program pencucian yang sesuai|Jemur pakaian setelah selesai|Lipat dan simpan pakaian yang sudah kering,user_curated,Existing,5,Pisahkan pakaian berdasarkan warna atau jenis,small_first_action,Retained from the user's original dataset.
Beresin meja kerja,merapikan meja kerja,Singkirkan barang yang tidak diperlukan|Buang sampah dan kertas yang tidak terpakai|Kembalikan barang ke tempatnya|Bersihkan permukaan meja|Tata barang yang sering digunakan agar mudah dijangkau,user_curated,Existing,5,Singkirkan barang yang tidak diperlukan,small_first_action,Retained from the user's original dataset.
Belanja bulanan,membeli kebutuhan rumah untuk sebulan,Periksa stok kebutuhan di rumah|Buat daftar barang yang perlu dibeli|Perkirakan jumlah dan anggaran belanja|Belanja sesuai daftar|Simpan dan rapikan barang setelah sampai,user_curated,Existing,5,Periksa stok kebutuhan di rumah,small_first_action,Retained from the user's original dataset.
Masak,memasak makanan untuk makan,Tentukan menu dan cek bahan yang tersedia|Siapkan bahan dan alat masak|Masak sesuai urutan resep|Cicipi dan sesuaikan rasa jika diperlukan|Bersihkan alat dan area dapur,user_curated,Existing,5,Tentukan menu dan cek bahan yang tersedia,small_first_action,Retained from the user's original dataset.
Bayar tagihan,membayar tagihan bulanan,Cek tagihan dan tanggal jatuh tempo|Pilih tagihan yang perlu dibayar|Buka aplikasi atau layanan pembayaran|Lakukan pembayaran dan periksa statusnya|Simpan bukti pembayaran,user_curated,Existing,5,Cek tagihan dan tanggal jatuh tempo,small_first_action,Retained from the user's original dataset.
Olahraga,melakukan olahraga ringan,Pilih jenis olahraga dan durasi yang sesuai|Ganti pakaian dan siapkan air minum|Lakukan pemanasan|Lakukan latihan utama sesuai kemampuan|Lakukan pendinginan,user_curated,Existing,5,Pilih jenis olahraga dan durasi yang sesuai,small_first_action,Retained from the user's original dataset.
Urus berkas,mengurus dokumen administrasi,Cek persyaratan dan dokumen yang dibutuhkan|Kumpulkan dokumen yang sudah tersedia|Lengkapi dokumen yang masih kurang|Kirim atau serahkan dokumen sesuai prosedur|Simpan bukti pengajuan,user_curated,Existing,5,Cek persyaratan dan dokumen yang dibutuhkan,small_first_action,Retained from the user's original dataset.
Perpanjang STNK,mengurus perpanjangan STNK,Cek persyaratan dan dokumen yang diperlukan|Periksa lokasi dan jadwal layanan|Datang atau ikuti prosedur layanan yang berlaku|Lakukan pembayaran sesuai tagihan|Simpan bukti pembayaran dan dokumen yang diterima,user_curated,Existing,5,Cek persyaratan dan dokumen yang diperlukan,small_first_action,Retained from the user's original dataset.
Booking tiket,memesan tiket perjalanan,Tentukan tanggal dan tujuan perjalanan|Bandingkan jadwal dan harga yang tersedia|Pilih penerbangan atau perjalanan yang sesuai|Masukkan data penumpang dan lakukan pembayaran|Simpan tiket atau bukti pemesanan,user_curated,Existing,5,Tentukan tanggal dan tujuan perjalanan,small_first_action,Retained from the user's original dataset.
Bikin jadwal belajar,menyusun jadwal belajar,Tulis materi atau mata kuliah yang perlu dipelajari|Catat deadline dan tanggal ujian|Tentukan prioritas berdasarkan waktu yang tersedia|Bagi materi ke beberapa slot belajar|Periksa apakah jadwal realistis,user_curated,Existing,5,Tulis materi atau mata kuliah yang perlu dipelajari,small_first_action,Retained from the user's original dataset.
Bersihin file laptop,merapikan file laptop yang berantakan,Buat atau tentukan struktur folder utama|Kelompokkan file ke folder yang sesuai|Hapus file duplikat atau yang sudah tidak diperlukan|Periksa folder unduhan dan desktop|Kosongkan recycle bin setelah memastikan file tidak diperlukan,user_curated,Existing,5,Buat atau tentukan struktur folder utama,small_first_action,Retained from the user's original dataset.
